N,P,K,temperature,humidity,ph,rainfall,label
90,42,43,20.8797,82.0027,6.502985,202.9355,rice
85,58,41,21.7705,80.3196,7.000000,226.6555,rice
60,55,44,23.0045,82.3201,7.840207,263.9642,rice
74,35,40,26.4911,80.1584,6.980400,242.8640,rice
78,42,42,20.1302,81.6049,7.628473,262.7173,rice
